{
  "weighted_score": 0.8894521798166416,
  "oof_07_ll": 0.0620089539140557,
  "oof_07_auc": 0.9012055756636176,
  "oof_90_ll": 0.06859651540827774,
  "oof_90_auc": 0.8816411542042603,
  "oof_120_ll": 0.07618833257581831,
  "oof_120_auc": 0.8742021309526757,
  "per_fold_weighted_scores": [
    0.9260042497954609,
    0.8968285464255026,
    0.8580484369504973,
    0.8516773452753997,
    0.8817285852605995
  ],
  "fold_std": 0.02700295636646509,
  "worst_fold_score": 0.8516773452753997
}